{
  "scored_file": "data/mave/gb1.esm_2000.csv",
  "total_rows": 2000,
  "distance_bins": [
    "1-1",
    "2-5",
    "6-10",
    "11-30",
    "31-200",
    ">200"
  ],
  "per_bin": {
    "11-30": {
      "n": 248,
      "mean_abs_residual": 12.870434633064516,
      "std_residual": 1.3123219589576216,
      "spearman_residual_vs_mave": 0.06730144405650468,
      "spearman_s_joint_vs_mave": 0.220851421670519,
      "spearman_s_additive_vs_mave": 0.1913674142918988
    },
    "31-200": {
      "n": 1752,
      "mean_abs_residual": 11.652590027968037,
      "std_residual": 2.1164133780910466,
      "spearman_residual_vs_mave": 0.520077918664504,
      "spearman_s_joint_vs_mave": 0.48276406938663796,
      "spearman_s_additive_vs_mave": 0.22466976180193834
    }
  },
  "distance_range": {
    "min": 28,
    "max": 40
  }
}